[{"sum_col":269.0,"sum_ion":237.0,"sum_electrons":337.0,"mean_electrons":3.37,"mean_col":2.69,"mean_ion":2.37,"stdev_col":0.0,"stdev_ion":0.0,"settings":{"lambda_c":0.01,"anode_pos":0.01,"voltage":187.5,"lambda_i":1500.0,"E_i":15.0,"reps":100.0,"tolerance":1.0E-6,"Ni":0.0,"Nc":0.0}},{"sum_col":8999.0,"sum_ion":8138.0,"sum_electrons":8238.0,"mean_electrons":82.38,"mean_col":89.99,"mean_ion":81.38,"stdev_col":0.0,"stdev_ion":0.0,"settings":{"lambda_c":0.01,"anode_pos":0.03,"voltage":562.5,"lambda_i":1500.0,"E_i":15.0,"reps":100.0,"tolerance":1.0E-6,"Ni":0.0,"Nc":0.0}},{"sum_col":269397.0,"sum_ion":246033.0,"sum_electrons":246133.0,"mean_electrons":2461.33,"mean_col":2693.97,"mean_ion":2460.33,"stdev_col":0.0,"stdev_ion":0.0,"settings":{"lambda_c":0.01,"anode_pos":0.05,"voltage":937.5,"lambda_i":1500.0,"E_i":15.0,"reps":100.0,"tolerance":1.0E-6,"Ni":0.0,"Nc":0.0}},{"sum_col":1.1390724E7,"sum_ion":1.0388801E7,"sum_electrons":1.0388901E7,"mean_electrons":103889.01,"mean_col":113907.24,"mean_ion":103888.01,"stdev_col":0.0,"stdev_ion":0.0,"settings":{"lambda_c":0.01,"anode_pos":0.07,"voltage":1312.5000000000002,"lambda_i":1500.0,"E_i":15.0,"reps":100.0,"tolerance":1.0E-6,"Ni":0.0,"Nc":0.0}},{"sum_col":3.79048142E8,"sum_ion":3.45707398E8,"sum_electrons":3.45707498E8,"mean_electrons":3457074.98,"mean_col":3790481.42,"mean_ion":3457073.98,"stdev_col":0.0,"stdev_ion":0.0,"settings":{"lambda_c":0.01,"anode_pos":0.09000000000000001,"voltage":1687.5000000000002,"lambda_i":1500.0,"E_i":15.0,"reps":100.0,"tolerance":1.0E-6,"Ni":0.0,"Nc":0.0}}]