[{"sum_col":163.0,"sum_ion":46.0,"sum_electrons":146.0,"mean_electrons":1.46,"mean_col":1.63,"mean_ion":0.46,"stdev_col":0.0,"stdev_ion":0.0,"settings":{"lambda_c":0.01,"anode_pos":0.01,"voltage":31.25,"lambda_i":250.0,"E_i":15.0,"reps":100.0,"tolerance":1.0E-6,"Ni":0.0,"Nc":0.0}},{"sum_col":1224.0,"sum_ion":614.0,"sum_electrons":714.0,"mean_electrons":7.14,"mean_col":12.24,"mean_ion":6.14,"stdev_col":0.0,"stdev_ion":0.0,"settings":{"lambda_c":0.01,"anode_pos":0.03,"voltage":93.75,"lambda_i":250.0,"E_i":15.0,"reps":100.0,"tolerance":1.0E-6,"Ni":0.0,"Nc":0.0}},{"sum_col":7242.0,"sum_ion":3754.0,"sum_electrons":3854.0,"mean_electrons":38.54,"mean_col":72.42,"mean_ion":37.54,"stdev_col":0.0,"stdev_ion":0.0,"settings":{"lambda_c":0.01,"anode_pos":0.05,"voltage":156.25,"lambda_i":250.0,"E_i":15.0,"reps":100.0,"tolerance":1.0E-6,"Ni":0.0,"Nc":0.0}},{"sum_col":37333.0,"sum_ion":19720.0,"sum_electrons":19820.0,"mean_electrons":198.2,"mean_col":373.33,"mean_ion":197.2,"stdev_col":0.0,"stdev_ion":0.0,"settings":{"lambda_c":0.01,"anode_pos":0.07,"voltage":218.75000000000003,"lambda_i":250.0,"E_i":15.0,"reps":100.0,"tolerance":1.0E-6,"Ni":0.0,"Nc":0.0}},{"sum_col":224039.0,"sum_ion":118400.0,"sum_electrons":118500.0,"mean_electrons":1185.0,"mean_col":2240.39,"mean_ion":1184.0,"stdev_col":0.0,"stdev_ion":0.0,"settings":{"lambda_c":0.01,"anode_pos":0.09000000000000001,"voltage":281.25000000000006,"lambda_i":250.0,"E_i":15.0,"reps":100.0,"tolerance":1.0E-6,"Ni":0.0,"Nc":0.0}}]