[{"sum_col":193.0,"sum_ion":113.0,"sum_electrons":213.0,"mean_electrons":2.13,"mean_col":1.93,"mean_ion":1.13,"stdev_col":0.0,"stdev_ion":0.0,"settings":{"lambda_c":0.01,"anode_pos":0.01,"voltage":62.5,"lambda_i":500.0,"E_i":15.0,"reps":100.0,"tolerance":1.0E-6,"Ni":0.0,"Nc":0.0}},{"sum_col":2980.0,"sum_ion":2153.0,"sum_electrons":2253.0,"mean_electrons":22.53,"mean_col":29.8,"mean_ion":21.53,"stdev_col":0.0,"stdev_ion":0.0,"settings":{"lambda_c":0.01,"anode_pos":0.03,"voltage":187.5,"lambda_i":500.0,"E_i":15.0,"reps":100.0,"tolerance":1.0E-6,"Ni":0.0,"Nc":0.0}},{"sum_col":28416.0,"sum_ion":20888.0,"sum_electrons":20988.0,"mean_electrons":209.88,"mean_col":284.16,"mean_ion":208.88,"stdev_col":0.0,"stdev_ion":0.0,"settings":{"lambda_c":0.01,"anode_pos":0.05,"voltage":312.5,"lambda_i":500.0,"E_i":15.0,"reps":100.0,"tolerance":1.0E-6,"Ni":0.0,"Nc":0.0}},{"sum_col":326016.0,"sum_ion":239359.0,"sum_electrons":239459.0,"mean_electrons":2394.59,"mean_col":3260.16,"mean_ion":2393.59,"stdev_col":0.0,"stdev_ion":0.0,"settings":{"lambda_c":0.01,"anode_pos":0.07,"voltage":437.50000000000006,"lambda_i":500.0,"E_i":15.0,"reps":100.0,"tolerance":1.0E-6,"Ni":0.0,"Nc":0.0}},{"sum_col":3533786.0,"sum_ion":2595273.0,"sum_electrons":2595373.0,"mean_electrons":25953.73,"mean_col":35337.86,"mean_ion":25952.73,"stdev_col":0.0,"stdev_ion":0.0,"settings":{"lambda_c":0.01,"anode_pos":0.09000000000000001,"voltage":562.5000000000001,"lambda_i":500.0,"E_i":15.0,"reps":100.0,"tolerance":1.0E-6,"Ni":0.0,"Nc":0.0}}]