[{"sum_col":161.0,"sum_ion":17.0,"sum_electrons":117.0,"mean_electrons":1.17,"mean_col":1.61,"mean_ion":0.17,"stdev_col":0.0,"stdev_ion":0.0,"settings":{"lambda_c":0.01,"anode_pos":0.01,"voltage":18.75,"lambda_i":150.0,"E_i":15.0,"reps":100.0,"tolerance":1.0E-6,"Ni":0.0,"Nc":0.0}},{"sum_col":870.0,"sum_ion":291.0,"sum_electrons":391.0,"mean_electrons":3.91,"mean_col":8.7,"mean_ion":2.91,"stdev_col":0.0,"stdev_ion":0.0,"settings":{"lambda_c":0.01,"anode_pos":0.03,"voltage":56.25,"lambda_i":150.0,"E_i":15.0,"reps":100.0,"tolerance":1.0E-6,"Ni":0.0,"Nc":0.0}},{"sum_col":3175.0,"sum_ion":1086.0,"sum_electrons":1186.0,"mean_electrons":11.86,"mean_col":31.75,"mean_ion":10.86,"stdev_col":0.0,"stdev_ion":0.0,"settings":{"lambda_c":0.01,"anode_pos":0.05,"voltage":93.75,"lambda_i":150.0,"E_i":15.0,"reps":100.0,"tolerance":1.0E-6,"Ni":0.0,"Nc":0.0}},{"sum_col":11532.0,"sum_ion":4087.0,"sum_electrons":4187.0,"mean_electrons":41.87,"mean_col":115.32,"mean_ion":40.87,"stdev_col":0.0,"stdev_ion":0.0,"settings":{"lambda_c":0.01,"anode_pos":0.07,"voltage":131.25,"lambda_i":150.0,"E_i":15.0,"reps":100.0,"tolerance":1.0E-6,"Ni":0.0,"Nc":0.0}},{"sum_col":38157.0,"sum_ion":13558.0,"sum_electrons":13658.0,"mean_electrons":136.58,"mean_col":381.57,"mean_ion":135.58,"stdev_col":0.0,"stdev_ion":0.0,"settings":{"lambda_c":0.01,"anode_pos":0.09000000000000001,"voltage":168.75000000000003,"lambda_i":150.0,"E_i":15.0,"reps":100.0,"tolerance":1.0E-6,"Ni":0.0,"Nc":0.0}}]