[{"sum_col":259.0,"sum_ion":206.0,"sum_electrons":306.0,"mean_electrons":3.06,"mean_col":2.59,"mean_ion":2.06,"stdev_col":0.0,"stdev_ion":0.0,"settings":{"lambda_c":0.01,"anode_pos":0.01,"voltage":125.0,"lambda_i":1000.0,"E_i":15.0,"reps":100.0,"tolerance":1.0E-6,"Ni":0.0,"Nc":0.0}},{"sum_col":5834.0,"sum_ion":5039.0,"sum_electrons":5139.0,"mean_electrons":51.39,"mean_col":58.34,"mean_ion":50.39,"stdev_col":0.0,"stdev_ion":0.0,"settings":{"lambda_c":0.01,"anode_pos":0.03,"voltage":375.0,"lambda_i":1000.0,"E_i":15.0,"reps":100.0,"tolerance":1.0E-6,"Ni":0.0,"Nc":0.0}},{"sum_col":133293.0,"sum_ion":115393.0,"sum_electrons":115493.0,"mean_electrons":1154.93,"mean_col":1332.93,"mean_ion":1153.93,"stdev_col":0.0,"stdev_ion":0.0,"settings":{"lambda_c":0.01,"anode_pos":0.05,"voltage":625.0,"lambda_i":1000.0,"E_i":15.0,"reps":100.0,"tolerance":1.0E-6,"Ni":0.0,"Nc":0.0}},{"sum_col":3426583.0,"sum_ion":2965974.0,"sum_electrons":2966074.0,"mean_electrons":29660.74,"mean_col":34265.83,"mean_ion":29659.74,"stdev_col":0.0,"stdev_ion":0.0,"settings":{"lambda_c":0.01,"anode_pos":0.07,"voltage":875.0000000000001,"lambda_i":1000.0,"E_i":15.0,"reps":100.0,"tolerance":1.0E-6,"Ni":0.0,"Nc":0.0}},{"sum_col":8.850913E7,"sum_ion":7.6636581E7,"sum_electrons":7.6636681E7,"mean_electrons":766366.81,"mean_col":885091.3,"mean_ion":766365.81,"stdev_col":0.0,"stdev_ion":0.0,"settings":{"lambda_c":0.01,"anode_pos":0.09000000000000001,"voltage":1125.0000000000002,"lambda_i":1000.0,"E_i":15.0,"reps":100.0,"tolerance":1.0E-6,"Ni":0.0,"Nc":0.0}}]