[{"mean":1.0,"error":0.0,"Nc":0.5,"lambda_i":0.35},{"mean":1.0,"error":0.0,"Nc":1.5,"lambda_i":0.35000000000000003},{"mean":1.0,"error":0.0,"Nc":2.5,"lambda_i":0.35},{"mean":1.0,"error":0.0,"Nc":3.5,"lambda_i":0.35},{"mean":1.0,"error":0.0,"Nc":4.5,"lambda_i":0.35},{"mean":1.0,"error":0.0,"Nc":5.5,"lambda_i":0.35},{"mean":1.0,"error":0.0,"Nc":6.5,"lambda_i":0.35},{"mean":1.0,"error":0.0,"Nc":7.5,"lambda_i":0.35},{"mean":1.0,"error":0.0,"Nc":8.5,"lambda_i":0.35},{"mean":1.0,"error":0.0,"Nc":9.5,"lambda_i":0.35},{"mean":1.0,"error":0.0,"Nc":10.5,"lambda_i":0.35},{"mean":1.0,"error":0.0,"Nc":11.5,"lambda_i":0.35}]