[{"sum_col":314.0,"sum_ion":0.0,"sum_electrons":100.0,"mean_electrons":1.0,"mean_col":3.14,"mean_ion":0.0,"stdev_col":0.0,"stdev_ion":0.0,"settings":{"lambda_c":0.01,"anode_pos":0.017,"voltage":0.017,"lambda_i":1.0,"E_i":1.0,"reps":100.0,"tolerance":1.0E-6,"Ni":0.0,"Nc":0.0}},{"sum_col":430.0,"sum_ion":0.0,"sum_electrons":100.0,"mean_electrons":1.0,"mean_col":4.3,"mean_ion":0.0,"stdev_col":0.0,"stdev_ion":0.0,"settings":{"lambda_c":0.01,"anode_pos":0.018000000000000002,"voltage":0.018000000000000002,"lambda_i":1.0,"E_i":1.0,"reps":100.0,"tolerance":1.0E-6,"Ni":0.0,"Nc":0.0}},{"sum_col":464.0,"sum_ion":0.0,"sum_electrons":100.0,"mean_electrons":1.0,"mean_col":4.64,"mean_ion":0.0,"stdev_col":0.0,"stdev_ion":0.0,"settings":{"lambda_c":0.01,"anode_pos":0.019000000000000003,"voltage":0.019000000000000003,"lambda_i":1.0,"E_i":1.0,"reps":100.0,"tolerance":1.0E-6,"Ni":0.0,"Nc":0.0}}]